id	file	line	function	type	classification	description	confirmed_by	date_added
PYPY-FUZZ-001	unknown (PEG parser, C-generated)	n/a	_maybe_raise_number_error/raise_invalid_unicode_char	parser-assertion-abort	FIX	compile() of bytes source where the first token is a number immediately followed by invalid-UTF-8 byte triggers an RPython AssertionError -> SIGABRT. Not statically checkable by this toolkit (lives in PEG-parser-generated C, not reviewable RPython source). Recorded for completeness/known-issues tracking only.	fusil (danzin, 2026-08-19)	2026-08-19
PYPY-FUZZ-002	pypy/module/_struct (exact file TBD -- verify against release branch)	n/a	UnpackFormatIterator_append_utf8 -> rutf8.unichr_as_utf8	unvalidated-rpython-helper-call	FIX	struct.unpack("u", ...) reads 4 bytes as a codepoint and passes it to unichr_as_utf8 without validating range (must be <= U+10FFFF, not a surrogate). Leaks as SystemError: unexpected internal exception. CPython removed the legacy 'u' format in 3.9; PyPy still accepts it unguarded.	fusil (danzin, 2026-08-19)	2026-08-19
PYPY-FUZZ-003	pypy/module/_multibytecodec (exact file TBD -- verify against release branch)	n/a	MultibyteIncrementalEncoder_setstate_w -> rbigint.tobytes	unvalidated-rpython-helper-call	FIX	codecs.getincrementalencoder(<multibyte codec>)().setstate(<negative int>) hands the state straight to rbigint.tobytes() without checking its signedness precondition. Leaks as SystemError. Affects all 12 multibyte encoders + their StreamWriter; decoders (tuple state) are unaffected. rbigint.tobytes is correctly guarded elsewhere (int.to_bytes raises OverflowError properly) -- setstate looks like the one unvalidated caller.	fusil (danzin, 2026-08-19)	2026-08-19
PYPY-FUZZ-004	lib_pypy/_lzma.py (not present in main HEAD as cloned -- checkout/branch mismatch, see design doc note)	~562, ~575	post_decompress_avail_data, clear_input_buffer	missing-guard-plus-typo-double-free	FIX	Two defects: (a) line ~562 assigns self._input_buffer = ffi.NONE after freeing it -- ffi.NONE does not exist (should be ffi.NULL per the very next line's check), so the assignment raises AttributeError, leaving a stale freed pointer. (b) line ~575's clear_input_buffer does an unlocked check-then-free of the same field that decompress() correctly locks elsewhere on the same class. Either defect alone or combined produces a double free / SIGABRT, reproduced deterministically and under threading.	fusil (danzin, 2026-08-19)	2026-08-19
PYPY-FUZZ-005	pypy/module/_io/interp_textio.py (W_TextIOWrapper._dealloc_warn_w -- exact state TBD, see design doc note on version mismatch)	n/a	_dealloc_warn_w	missing-sibling-guard	FIX	TextIOWrapper.detach() followed by ._dealloc_warn(None) segfaults. pypy#5123's fix (7bc330cce0f) added a w_raw-is-None guard to the analogous method in interp_bufferedio.py (the buffered layer) but never touched interp_textio.py's w_buffer field (the text layer) -- an incomplete fix applied to only one layer of the wrapper stack. Every other method on a detached TextIOWrapper raises ValueError cleanly; only this one is unguarded.	fusil (danzin, 2026-08-19)	2026-08-19
PYPY-REV-001	pypy/module/_io/interp_textio.py	847	W_TextIOWrapper._dealloc_warn_w	missing-sibling-guard	FIX	TextIOWrapper.detach() then ._dealloc_warn(None) -> SIGSEGV. Bare space.call_method(self.w_buffer, '_dealloc_warn', w_source) with no guard; detach_w:1185 sets w_buffer=None. 17 sibling methods call self._check_attached(space); the buffered-layer twin at interp_bufferedio.py:396 guards with 'if self.w_raw:'. Same defect as PYPY-FUZZ-005, confirmed still unfixed at py3.11 fe2af5843a. Reproduced: exit 139. CPython raises AttributeError (it does not expose _dealloc_warn on TextIOWrapper at all), so PyPy-only.	pypy-review-toolkit sibling-guard + cross-class scanners; reproduced on PyPy 7.3.23 (194f9f44b505)	2026-08-19
PYPY-REV-002	pypy/module/_io/interp_textio.py	847	W_TextIOWrapper._dealloc_warn_w	missing-sibling-guard	FIX	Second, independent null path into the same site: TextIOWrapper.__new__(TextIOWrapper) then ._dealloc_warn(None) -> SIGSEGV. The interp-level __init__ never assigns w_buffer, so the field is null without any detach() call. Predicted statically during triage, then reproduced: exit 139. Not covered by the PYPY-FUZZ-005 report, which only exercises the detach path.	pypy-review-toolkit guard triage (static prediction); reproduced on PyPy 7.3.23 (194f9f44b505)	2026-08-19
PYPY-REV-003	pypy/module/_io/interp_textio.py	665	W_TextIOWrapper.reconfigure	missing-guard-accidental-protection	FIX	The only app-exposed W_TextIOWrapper method with no _check_attached call. Protected only by accident via space.call_method(self, 'flush') at :723 -- an app-level dispatch a subclass can override, after which execution reaches _set_encoder_decoder with w_buffer None. Repro: class T(io.TextIOWrapper) overriding flush to pass; T(io.BytesIO(b''), encoding='utf-8'); t.detach(); t.reconfigure(encoding='latin-1') -> SIGSEGV. SHARED WITH CPYTHON: 3.14.4 also exits 139, and _io_TextIOWrapper_reconfigure_impl has lacked CHECK_ATTACHED since v3.7.0. Report upstream too.	pypy-review-toolkit sibling-guard scanner; reproduced on PyPy 7.3.23 and CPython 3.14.4	2026-08-19
PYPY-REV-004	pypy/objspace/std/newformat.py	847	_format_int_or_long ('c' presentation type)	unvalidated-rpython-helper-call	FIX	format(0xD800,'c') and f'{0xD800:c}' -> SystemError: unexpected internal exception. The guard at :842 checks 0 <= value <= 0x10FFFF, discharging only the range half of unichr_as_utf8's two-clause precondition; the surrogate half needs allow_surrogates=True, which is not passed. All 2048 codepoints in range(0xD800,0xE000) affected. PyPy's own chr() (__builtin__/operation.py:33) and %c (formatting.py:351,:516) both pass allow_surrogates=True behind the same range check, so this is an internal inconsistency. CPython 3.14.4 returns the surrogate string. Fix: add allow_surrogates=True.	pypy-review-toolkit unvalidated-helper-call-auditor; reproduced on PyPy 7.3.23 (194f9f44b505)	2026-08-19
PYPY-REV-005	pypy/module/_csv/interp_csv.py	169	_get_codepoint / dialect delimiter-quotechar-escapechar	unvalidated-rpython-helper-call	FIX	csv.reader(iter([]), delimiter='\\ud800').dialect.delimiter -> SystemError: unexpected internal exception. Same two-clause shape as PYPY-REV-004: _get_codepoint (:59-75) performs no surrogate rejection before the value reaches rutf8.unichr_as_utf8. Three sibling sites at :169/:175/:181 plus interp_reader.py:184 share the shape. CPython 3.14.4 accepts the surrogate delimiter and returns it.	pypy-review-toolkit unvalidated-helper-call-auditor (lead); reproduced on PyPy 7.3.23 (194f9f44b505)	2026-08-19
PYPY-REV-006	pypy/module/_io/interp_bytesio.py	194	W_BytesIO.close_w	missing-export-check	CONSIDER	BytesIO.close() succeeds silently while a getbuffer() export is live; CPython's _io_BytesIO_close_impl calls CHECK_EXPORTS and raises BufferError. Reproduced: PyPy exits 0 having closed the object, CPython 3.14.4 raises 'BufferError: Existing exports of data: object cannot be re-sized'. A silent divergence rather than a crash, so CONSIDER rather than FIX, but it lets a buffer outlive the object it views.	pypy-review-toolkit guard triage; reproduced on PyPy 7.3.23 (194f9f44b505)	2026-08-19
PYPY-REV-007	pypy/objspace/std/intobject.py	131	W_AbstractIntObject.descr_to_bytes	unstated-precondition-negative-length	CONSIDER	A negative length reaches rbigint.tobytes with no non-negativity check: (0).to_bytes(-1) returns b'' and (1).to_bytes(-1) raises OverflowError('int too big to convert'), where CPython raises ValueError('length argument must be non-negative') for both. Two different wrong behaviours from one missing precondition; the b'' case is the more serious, since a negative length silently produces a value. Not the SystemError shape, so CONSIDER.	pypy-review-toolkit unvalidated-helper-call-auditor; reproduced on PyPy 7.3.23 (194f9f44b505)	2026-08-19
PYPY-REV-008	pypy/module/_io/interp_textio.py	827	W_TextIOWrapper truncate_w/tell_w/seek_w/close_w	toctou-through-app-callback	FIX	A family distinct from PYPY-REV-003: these methods DO call _check_attached at entry, then dispatch space.call_method(self, 'flush'), then dereference self.w_buffer. A subclass whose flush() calls self.detach() nulls the field between the check and the use. Reproduced on PyPy 7.3.23: truncate(), tell(), seek(0) and close() all exit 139. SHARED WITH CPYTHON, which additionally crashes on write() and read(); CPython main is immunized by db4b1948bc4 (gh-143008) but 3.13/3.14 are not, and PyPy has ported neither that nor gh-142594. Sites: :827 :838 :1141 :1244 :1321 plus _read_chunk:894 and _set_encoder_decoder:651.	pypy-review-toolkit git-history-analyzer; reproduced on PyPy 7.3.23 and CPython 3.14.4	2026-08-19
PYPY-REV-009	pypy/module/_codecs/locale.py	217	rawwcharp2utf8en	unvalidated-rpython-helper-call	FIX	time.strftime('\\udcf4\\udc90\\udc80\\udc80') -> SystemError: unexpected internal exception. strftime surrogateescape-encodes its format out through wcstombs and decodes the result back, so an out-of-range wchar reaches rutf8.unichr_as_utf8 unguarded. Root cause: pypy/module/_codecs/locale_codec.c:270 has two decode paths and only the mbrtowc fallback carries the bpo-35883 '*out > 0x10ffff' filter; the mbstowcs fast path checks surrogates only. CPython routes both through _Py_mbstowcs/is_valid_wide_char (Python/fileutils.c:120,146) -- PyPy backported half the fix. CPython 3.14.4 round-trips the string cleanly.	pypy-review-toolkit unvalidated-helper-call-auditor; reproduced on PyPy 7.3.23 (194f9f44b505)	2026-08-20
PYPY-REV-010	pypy/module/cpyext/unicodeobject.py	1522	PyUnicode_FindChar	unvalidated-rpython-helper-call	FIX	Same two-clause shape as PYPY-REV-004: 'if ch > rutf8.MAXUNICODE' discharges the range clause and only the range clause, so a surrogate codepoint reaches rutf8.unichr_as_utf8 without allow_surrogates=True and leaks SystemError where CPython returns -1. Reached through a real cpyext extension module (ctypes.pythonapi does not exist on PyPy; the CDLL route segfaults). Note the guard spells the bound as rutf8.MAXUNICODE with no numeric literal, which is why a numeric-only guard_pattern_hints list scores it unguarded.	pypy-review-toolkit unvalidated-helper-call-auditor; reproduced on PyPy 7.3.23 (194f9f44b505)	2026-08-20
PYPY-REV-011	pypy/module/_rawffi/alt/type_converter.py	231	do_and_wrap	unvalidated-rpython-helper-call	FIX	ctypes function with restype = ctypes.c_wchar returning an out-of-range value -> SystemError: unexpected internal exception, where CPython raises ValueError('character U+... is not in range'). Reachable from pure stdlib Python because PyPy's ctypes is built on _rawffi.alt (lib_pypy/_ctypes/function.py:7). THE FIX TEMPLATE IS IN PYPY'S OWN TREE: the other _rawffi backend at pypy/module/_rawffi/interp_rawffi.py:468-474 performs the identical c_wchar conversion correctly, with allow_surrogates=True plus 'except rutf8.OutOfRange -> ValueError'. Same app-level type, two backends, one correct.	pypy-review-toolkit unvalidated-helper-call-auditor; reproduced on PyPy 7.3.23 (194f9f44b505)	2026-08-20
PYPY-REV-012	pypy/module/_sre/interp_sre.py	637	SRE_Pattern__new__	unvalidated-constructor-arbitrary-bytecode	FIX	re.Pattern('x', 0, [7, 2**32-1, 0]).match('abc') -> SIGSEGV from pure stdlib Python. PyPy exposes __new__ = interp2app(SRE_Pattern__new__) at interp_sre.py:667 and stores the caller-supplied bytecode list with no validation; the matching engine then executes it. CPython forbids the construction outright ('TypeError: cannot create re.Pattern instances') and validates via _sre.compile ('RuntimeError: invalid SRE code'). Near-miss arrays leak a live heap pointer in the error text ('bad pattern code 128256005502992', different each run), so this is information disclosure as well as a crash. Opcode 7 (BRANCH) is deliberately chosen: it is unchanged across the rsre_constants.py renumbering between the 7.3.23 binary and head, and rsre_core.py is byte-identical, so the mechanism is live at fe2af5843a. MOST SEVERE FINDING OF THE REVIEW.	pypy-review-toolkit cross-class guard scanner (correct finding, incorrect stated rationale -- see notes) + manual triage; reproduced on PyPy 7.3.23 (194f9f44b505)	2026-08-20
PYPY-REV-013	pypy/module/cpyext/unicodeobject.py	1571	PyUnicode_WriteChar	unvalidated-rpython-helper-call	CONSIDER	Structurally identical to PYPY-REV-010 -- 'if ch > rutf8.MAXUNICODE' discharges the range clause only -- but the sink could not be reached: get_ready and has_utf8_memory are mutually exclusive in PyPy, so line 1571 appears to be dead code. PyPy's own test already carries 'except SystemError: # raises on PyPy'. Recorded as a latent instance of a confirmed shape: harmless while unreachable, a live bug the moment the surrounding construction routes change.	pypy-review-toolkit unvalidated-helper-call-auditor; static, NOT reproduced (sink unreachable)	2026-08-20
